{"location_key":"hanoi_hoankiem","location_name":"Hanoi - Hoan Kiem","latitude":21.0285,"longitude":105.8542,"timezone":"Asia/Ho_Chi_Minh"}
{"location_key":"hanoi_caugiay","location_name":"Hanoi - Cau Giay","latitude":21.0328,"longitude":105.7938,"timezone":"Asia/Ho_Chi_Minh"}
{"location_key":"hanoi_dongda","location_name":"Hanoi - Dong Da","latitude":21.0245,"longitude":105.8412,"timezone":"Asia/Ho_Chi_Minh"}
{"location_key":"hanoi_badinh","location_name":"Hanoi - Ba Dinh","latitude":21.0355,"longitude":105.832,"timezone":"Asia/Ho_Chi_Minh"}
{"location_key":"hochiminhcity_district1","location_name":"Ho Chi Minh City - District 1","latitude":10.8231,"longitude":106.6297,"timezone":"Asia/Ho_Chi_Minh"}
{"location_key":"hochiminhcity_district3","location_name":"Ho Chi Minh City - District 3","latitude":10.7756,"longitude":106.6817,"timezone":"Asia/Ho_Chi_Minh"}
{"location_key":"hochiminhcity_district7","location_name":"Ho Chi Minh City - District 7","latitude":10.7378,"longitude":106.722,"timezone":"Asia/Ho_Chi_Minh"}
{"location_key":"hochiminhcity_binhthanh","location_name":"Ho Chi Minh City - Binh Thanh","latitude":10.8022,"longitude":106.7136,"timezone":"Asia/Ho_Chi_Minh"}
{"location_key":"hochiminhcity_tanbinh","location_name":"Ho Chi Minh City - Tan Binh","latitude":10.8142,"longitude":106.6438,"timezone":"Asia/Ho_Chi_Minh"}
{"location_key":"danang_haichau","location_name":"Da Nang - Hai Chau","latitude":16.0544,"longitude":108.2022,"timezone":"Asia/Ho_Chi_Minh"}
{"location_key":"danang_sontra","location_name":"Da Nang - Son Tra","latitude":16.1023,"longitude":108.2442,"timezone":"Asia/Ho_Chi_Minh"}
{"location_key":"danang_nguhanhson","location_name":"Da Nang - Ngu Hanh Son","latitude":15.9793,"longitude":108.2511,"timezone":"Asia/Ho_Chi_Minh"}
{"location_key":"cantho_ninhkieu","location_name":"Can Tho - Ninh Kieu","latitude":10.0452,"longitude":105.7469,"timezone":"Asia/Ho_Chi_Minh"}
{"location_key":"cantho_cairang","location_name":"Can Tho - Cai Rang","latitude":10.0211,"longitude":105.7851,"timezone":"Asia/Ho_Chi_Minh"}
{"location_key":"haiphong_hongbang","location_name":"Hai Phong - Hong Bang","latitude":20.8449,"longitude":106.6881,"timezone":"Asia/Ho_Chi_Minh"}
{"location_key":"bienhoa_dongnai","location_name":"Bien Hoa - Dong Nai","latitude":10.946,"longitude":106.8234,"timezone":"Asia/Ho_Chi_Minh"}
{"location_key":"hue_huecity","location_name":"Hue - Hue City","latitude":16.4674,"longitude":107.5905,"timezone":"Asia/Ho_Chi_Minh"}
{"location_key":"nhatrang_khanhhoa","location_name":"Nha Trang - Khanh Hoa","latitude":12.2388,"longitude":109.1967,"timezone":"Asia/Ho_Chi_Minh"}
{"location_key":"vungtau_baria","location_name":"Vung Tau - Ba Ria","latitude":10.4462,"longitude":107.084,"timezone":"Asia/Ho_Chi_Minh"}
{"location_key":"angiang_longxuyen","location_name":"An Giang - Long Xuyen","latitude":10.3833,"longitude":105.4358,"timezone":"Asia/Ho_Chi_Minh"}
{"location_key":"bacgiang_bacgiangcity","location_name":"Bac Giang - Bac Giang City","latitude":21.2731,"longitude":106.1946,"timezone":"Asia/Ho_Chi_Minh"}
{"location_key":"backan_backancity","location_name":"Bac Kan - Bac Kan City","latitude":22.1477,"longitude":105.8348,"timezone":"Asia/Ho_Chi_Minh"}
{"location_key":"baclieu_baclieucity","location_name":"Bac Lieu - Bac Lieu City","latitude":9.2851,"longitude":105.7244,"timezone":"Asia/Ho_Chi_Minh"}
{"location_key":"bacninh_bacninhcity","location_name":"Bac Ninh - Bac Ninh City","latitude":21.1861,"longitude":106.0763,"timezone":"Asia/Ho_Chi_Minh"}
{"location_key":"bentre_bentrecity","location_name":"Ben Tre - Ben Tre City","latitude":10.2433,"longitude":106.3757,"timezone":"Asia/Ho_Chi_Minh"}
{"location_key":"binhdinh_quynhon","location_name":"Binh Dinh - Quy Nhon","latitude":13.7722,"longitude":109.2197,"timezone":"Asia/Ho_Chi_Minh"}
{"location_key":"binhduong_thudaumot","location_name":"Binh Duong - Thu Dau Mot","latitude":10.9804,"longitude":106.6519,"timezone":"Asia/Ho_Chi_Minh"}
{"location_key":"binhphuoc_dongxoai","location_name":"Binh Phuoc - Dong Xoai","latitude":11.5369,"longitude":106.9009,"timezone":"Asia/Ho_Chi_Minh"}
{"location_key":"binhthuan_phanthiet","location_name":"Binh Thuan - Phan Thiet","latitude":10.9287,"longitude":108.1023,"timezone":"Asia/Ho_Chi_Minh"}
{"location_key":"camau_camaucity","location_name":"Ca Mau - Ca Mau City","latitude":9.1767,"longitude":105.1524,"timezone":"Asia/Ho_Chi_Minh"}
{"location_key":"caobang_caobangcity","location_name":"Cao Bang - Cao Bang City","latitude":22.6663,"longitude":106.2593,"timezone":"Asia/Ho_Chi_Minh"}
{"location_key":"daklak_buonmathuot","location_name":"Dak Lak - Buon Ma Thuot","latitude":12.6681,"longitude":108.0378,"timezone":"Asia/Ho_Chi_Minh"}
{"location_key":"daknong_gianghia","location_name":"Dak Nong - Gia Nghia","latitude":12.0342,"longitude":107.6919,"timezone":"Asia/Ho_Chi_Minh"}
{"location_key":"dienbien_dienbienphu","location_name":"Dien Bien - Dien Bien Phu","latitude":21.388,"longitude":103.02,"timezone":"Asia/Ho_Chi_Minh"}
{"location_key":"dongnai_bienhoa","location_name":"Dong Nai - Bien Hoa","latitude":10.946,"longitude":106.8234,"timezone":"Asia/Ho_Chi_Minh"}
{"location_key":"dongthap_caolanh","location_name":"Dong Thap - Cao Lanh","latitude":10.4596,"longitude":105.6325,"timezone":"Asia/Ho_Chi_Minh"}
{"location_key":"gialai_pleiku","location_name":"Gia Lai - Pleiku","latitude":14.0041,"longitude":108.0062,"timezone":"Asia/Ho_Chi_Minh"}
{"location_key":"hagiang_hagiangcity","location_name":"Ha Giang - Ha Giang City","latitude":22.8025,"longitude":104.9784,"timezone":"Asia/Ho_Chi_Minh"}
{"location_key":"hanam_phuly","location_name":"Ha Nam - Phu Ly","latitude":20.5401,"longitude":105.9109,"timezone":"Asia/Ho_Chi_Minh"}
{"location_key":"hatinh_hatinhcity","location_name":"Ha Tinh - Ha Tinh City","latitude":18.3559,"longitude":105.9058,"timezone":"Asia/Ho_Chi_Minh"}
{"location_key":"haugiang_vithanh","location_name":"Hau Giang - Vi Thanh","latitude":9.7838,"longitude":105.4695,"timezone":"Asia/Ho_Chi_Minh"}
{"location_key":"hoabinh_hoabinhcity","location_name":"Hoa Binh - Hoa Binh City","latitude":20.8065,"longitude":105.3388,"timezone":"Asia/Ho_Chi_Minh"}
{"location_key":"hungyen_hungyencity","location_name":"Hung Yen - Hung Yen City","latitude":20.6464,"longitude":106.0516,"timezone":"Asia/Ho_Chi_Minh"}
{"location_key":"khanhhoa_nhatrang","location_name":"Khanh Hoa - Nha Trang","latitude":12.2388,"longitude":109.1967,"timezone":"Asia/Ho_Chi_Minh"}
{"location_key":"kiengiang_rachgia","location_name":"Kien Giang - Rach Gia","latitude":10.012,"longitude":105.0808,"timezone":"Asia/Ho_Chi_Minh"}
{"location_key":"kontum_kontumcity","location_name":"Kon Tum - Kon Tum City","latitude":14.3497,"longitude":108.0,"timezone":"Asia/Ho_Chi_Minh"}
{"location_key":"laichau_laichaucity","location_name":"Lai Chau - Lai Chau City","latitude":22.3964,"longitude":103.4707,"timezone":"Asia/Ho_Chi_Minh"}
{"location_key":"lamdong_dalat","location_name":"Lam Dong - Da Lat","latitude":11.9404,"longitude":108.4583,"timezone":"Asia/Ho_Chi_Minh"}
{"location_key":"langson_langsoncity","location_name":"Lang Son - Lang Son City","latitude":21.8523,"longitude":106.7615,"timezone":"Asia/Ho_Chi_Minh"}
{"location_key":"laocai_laocaicity","location_name":"Lao Cai - Lao Cai City","latitude":22.4856,"longitude":103.9707,"timezone":"Asia/Ho_Chi_Minh"}
{"location_key":"longan_tanan","location_name":"Long An - Tan An","latitude":10.5359,"longitude":106.4137,"timezone":"Asia/Ho_Chi_Minh"}
{"location_key":"namdinh_namdinhcity","location_name":"Nam Dinh - Nam Dinh City","latitude":20.4341,"longitude":106.1675,"timezone":"Asia/Ho_Chi_Minh"}
{"location_key":"nghean_vinh","location_name":"Nghe An - Vinh","latitude":18.67,"longitude":105.69,"timezone":"Asia/Ho_Chi_Minh"}
{"location_key":"ninhbinh_ninhbinhcity","location_name":"Ninh Binh - Ninh Binh City","latitude":20.2506,"longitude":105.9744,"timezone":"Asia/Ho_Chi_Minh"}
{"location_key":"ninhthuan_phanrang","location_name":"Ninh Thuan - Phan Rang","latitude":11.5923,"longitude":108.9907,"timezone":"Asia/Ho_Chi_Minh"}
{"location_key":"phutho_viettri","location_name":"Phu Tho - Viet Tri","latitude":21.4208,"longitude":105.2045,"timezone":"Asia/Ho_Chi_Minh"}
{"location_key":"phuyen_tuyhoa","location_name":"Phu Yen - Tuy Hoa","latitude":13.0881,"longitude":109.0928,"timezone":"Asia/Ho_Chi_Minh"}
{"location_key":"quangbinh_donghoi","location_name":"Quang Binh - Dong Hoi","latitude":17.6102,"longitude":106.3487,"timezone":"Asia/Ho_Chi_Minh"}
{"location_key":"quangnam_tamky","location_name":"Quang Nam - Tam Ky","latitude":15.5394,"longitude":108.0191,"timezone":"Asia/Ho_Chi_Minh"}
{"location_key":"quangnam_hoian","location_name":"Quang Nam - Hoi An","latitude":15.8801,"longitude":108.338,"timezone":"Asia/Ho_Chi_Minh"}
{"location_key":"quangngai_quangngaicity","location_name":"Quang Ngai - Quang Ngai City","latitude":15.1214,"longitude":108.8044,"timezone":"Asia/Ho_Chi_Minh"}
{"location_key":"quangninh_halong","location_name":"Quang Ninh - Ha Long","latitude":20.9101,"longitude":107.1839,"timezone":"Asia/Ho_Chi_Minh"}
{"location_key":"quangninh_mongcai","location_name":"Quang Ninh - Mong Cai","latitude":21.5215,"longitude":108.0441,"timezone":"Asia/Ho_Chi_Minh"}
{"location_key":"quangtri_dongha","location_name":"Quang Tri - Dong Ha","latitude":16.7943,"longitude":107.1851,"timezone":"Asia/Ho_Chi_Minh"}
{"location_key":"soctrang_soctrangcity","location_name":"Soc Trang - Soc Trang City","latitude":9.6003,"longitude":105.98,"timezone":"Asia/Ho_Chi_Minh"}
{"location_key":"sonla_sonlacity","location_name":"Son La - Son La City","latitude":21.3256,"longitude":103.9188,"timezone":"Asia/Ho_Chi_Minh"}
{"location_key":"tayninh_tayninhcity","location_name":"Tay Ninh - Tay Ninh City","latitude":11.31,"longitude":106.0983,"timezone":"Asia/Ho_Chi_Minh"}
{"location_key":"thaibinh_thaibinhcity","location_name":"Thai Binh - Thai Binh City","latitude":20.45,"longitude":106.3367,"timezone":"Asia/Ho_Chi_Minh"}
{"location_key":"thainguyen_thainguyencity","location_name":"Thai Nguyen - Thai Nguyen City","latitude":21.5944,"longitude":105.848,"timezone":"Asia/Ho_Chi_Minh"}
{"location_key":"thainguyen_songcong","location_name":"Thai Nguyen - Song Cong","latitude":21.4742,"longitude":105.834,"timezone":"Asia/Ho_Chi_Minh"}
{"location_key":"thanhhoa_thanhhoacity","location_name":"Thanh Hoa - Thanh Hoa City","latitude":19.8077,"longitude":105.7851,"timezone":"Asia/Ho_Chi_Minh"}
{"location_key":"thanhhoa_samson","location_name":"Thanh Hoa - Sam Son","latitude":19.7463,"longitude":105.9058,"timezone":"Asia/Ho_Chi_Minh"}
{"location_key":"thuathienhue_huecity","location_name":"Thua Thien-Hue - Hue City","latitude":16.4674,"longitude":107.5905,"timezone":"Asia/Ho_Chi_Minh"}
{"location_key":"tiengiang_mytho","location_name":"Tien Giang - My Tho","latitude":10.3592,"longitude":106.3621,"timezone":"Asia/Ho_Chi_Minh"}
{"location_key":"travinh_travinhcity","location_name":"Tra Vinh - Tra Vinh City","latitude":9.9477,"longitude":106.3458,"timezone":"Asia/Ho_Chi_Minh"}
{"location_key":"tuyenquang_tuyenquangcity","location_name":"Tuyen Quang - Tuyen Quang City","latitude":21.8273,"longitude":105.218,"timezone":"Asia/Ho_Chi_Minh"}
{"location_key":"vinhlong_vinhlongcity","location_name":"Vinh Long - Vinh Long City","latitude":10.2397,"longitude":105.9571,"timezone":"Asia/Ho_Chi_Minh"}
{"location_key":"vinhphuc_vinhyen","location_name":"Vinh Phuc - Vinh Yen","latitude":21.3609,"longitude":105.5474,"timezone":"Asia/Ho_Chi_Minh"}
{"location_key":"yenbai_yenbaicity","location_name":"Yen Bai - Yen Bai City","latitude":21.7168,"longitude":104.9113,"timezone":"Asia/Ho_Chi_Minh"}
